message_id,channel_name,image_path,detected_class,confidence_score,image_category
26650,lobelia_cosmetics,/Users/mac/medical-telegram-warehouse/data/raw/images/lobelia_cosmetics/26650.jpg,none,0.0,other
26644,lobelia_cosmetics,/Users/mac/medical-telegram-warehouse/data/raw/images/lobelia_cosmetics/26644.jpg,bottle,0.7959312200546265,product_display
26644,lobelia_cosmetics,/Users/mac/medical-telegram-warehouse/data/raw/images/lobelia_cosmetics/26644.jpg,bottle,0.28317737579345703,product_display
26645,lobelia_cosmetics,/Users/mac/medical-telegram-warehouse/data/raw/images/lobelia_cosmetics/26645.jpg,bottle,0.7737783789634705,product_display
26645,lobelia_cosmetics,/Users/mac/medical-telegram-warehouse/data/raw/images/lobelia_cosmetics/26645.jpg,bottle,0.26601332426071167,product_display
26651,lobelia_cosmetics,/Users/mac/medical-telegram-warehouse/data/raw/images/lobelia_cosmetics/26651.jpg,cup,0.3540221154689789,product_display
26647,lobelia_cosmetics,/Users/mac/medical-telegram-warehouse/data/raw/images/lobelia_cosmetics/26647.jpg,book,0.27604010701179504,product_display
26653,lobelia_cosmetics,/Users/mac/medical-telegram-warehouse/data/raw/images/lobelia_cosmetics/26653.jpg,bottle,0.48229584097862244,product_display
26653,lobelia_cosmetics,/Users/mac/medical-telegram-warehouse/data/raw/images/lobelia_cosmetics/26653.jpg,bottle,0.47251278162002563,product_display
26653,lobelia_cosmetics,/Users/mac/medical-telegram-warehouse/data/raw/images/lobelia_cosmetics/26653.jpg,bottle,0.43178755044937134,product_display
26653,lobelia_cosmetics,/Users/mac/medical-telegram-warehouse/data/raw/images/lobelia_cosmetics/26653.jpg,bottle,0.27132636308670044,product_display
26652,lobelia_cosmetics,/Users/mac/medical-telegram-warehouse/data/raw/images/lobelia_cosmetics/26652.jpg,none,0.0,other
26646,lobelia_cosmetics,/Users/mac/medical-telegram-warehouse/data/raw/images/lobelia_cosmetics/26646.jpg,orange,0.4804791212081909,other
26642,lobelia_cosmetics,/Users/mac/medical-telegram-warehouse/data/raw/images/lobelia_cosmetics/26642.jpg,person,0.6775984168052673,lifestyle
26642,lobelia_cosmetics,/Users/mac/medical-telegram-warehouse/data/raw/images/lobelia_cosmetics/26642.jpg,stop sign,0.2887912094593048,lifestyle
26656,lobelia_cosmetics,/Users/mac/medical-telegram-warehouse/data/raw/images/lobelia_cosmetics/26656.jpg,cell phone,0.4421601891517639,product_display
26656,lobelia_cosmetics,/Users/mac/medical-telegram-warehouse/data/raw/images/lobelia_cosmetics/26656.jpg,donut,0.4113532304763794,product_display
26657,lobelia_cosmetics,/Users/mac/medical-telegram-warehouse/data/raw/images/lobelia_cosmetics/26657.jpg,none,0.0,other
26643,lobelia_cosmetics,/Users/mac/medical-telegram-warehouse/data/raw/images/lobelia_cosmetics/26643.jpg,none,0.0,other
26669,lobelia_cosmetics,/Users/mac/medical-telegram-warehouse/data/raw/images/lobelia_cosmetics/26669.jpg,none,0.0,other
26655,lobelia_cosmetics,/Users/mac/medical-telegram-warehouse/data/raw/images/lobelia_cosmetics/26655.jpg,book,0.25222140550613403,product_display
26641,lobelia_cosmetics,/Users/mac/medical-telegram-warehouse/data/raw/images/lobelia_cosmetics/26641.jpg,none,0.0,other
26640,lobelia_cosmetics,/Users/mac/medical-telegram-warehouse/data/raw/images/lobelia_cosmetics/26640.jpg,bottle,0.27248615026474,product_display
26654,lobelia_cosmetics,/Users/mac/medical-telegram-warehouse/data/raw/images/lobelia_cosmetics/26654.jpg,bottle,0.5668665766716003,product_display
26654,lobelia_cosmetics,/Users/mac/medical-telegram-warehouse/data/raw/images/lobelia_cosmetics/26654.jpg,bottle,0.3778567910194397,product_display
26654,lobelia_cosmetics,/Users/mac/medical-telegram-warehouse/data/raw/images/lobelia_cosmetics/26654.jpg,bottle,0.2698698937892914,product_display
26654,lobelia_cosmetics,/Users/mac/medical-telegram-warehouse/data/raw/images/lobelia_cosmetics/26654.jpg,bottle,0.2639976143836975,product_display
26654,lobelia_cosmetics,/Users/mac/medical-telegram-warehouse/data/raw/images/lobelia_cosmetics/26654.jpg,bottle,0.25665196776390076,product_display
26668,lobelia_cosmetics,/Users/mac/medical-telegram-warehouse/data/raw/images/lobelia_cosmetics/26668.jpg,bottle,0.8619311451911926,product_display
26633,lobelia_cosmetics,/Users/mac/medical-telegram-warehouse/data/raw/images/lobelia_cosmetics/26633.jpg,fork,0.8577808737754822,product_display
26633,lobelia_cosmetics,/Users/mac/medical-telegram-warehouse/data/raw/images/lobelia_cosmetics/26633.jpg,cup,0.49490171670913696,product_display
26633,lobelia_cosmetics,/Users/mac/medical-telegram-warehouse/data/raw/images/lobelia_cosmetics/26633.jpg,knife,0.44402560591697693,product_display
26627,lobelia_cosmetics,/Users/mac/medical-telegram-warehouse/data/raw/images/lobelia_cosmetics/26627.jpg,none,0.0,other
26586,lobelia_cosmetics,/Users/mac/medical-telegram-warehouse/data/raw/images/lobelia_cosmetics/26586.jpg,none,0.0,other
26592,lobelia_cosmetics,/Users/mac/medical-telegram-warehouse/data/raw/images/lobelia_cosmetics/26592.jpg,bottle,0.3037303388118744,product_display
26592,lobelia_cosmetics,/Users/mac/medical-telegram-warehouse/data/raw/images/lobelia_cosmetics/26592.jpg,traffic light,0.3027341067790985,product_display
26579,lobelia_cosmetics,/Users/mac/medical-telegram-warehouse/data/raw/images/lobelia_cosmetics/26579.jpg,none,0.0,other
26578,lobelia_cosmetics,/Users/mac/medical-telegram-warehouse/data/raw/images/lobelia_cosmetics/26578.jpg,bottle,0.6770148277282715,product_display
26593,lobelia_cosmetics,/Users/mac/medical-telegram-warehouse/data/raw/images/lobelia_cosmetics/26593.jpg,bottle,0.5938534736633301,product_display
26587,lobelia_cosmetics,/Users/mac/medical-telegram-warehouse/data/raw/images/lobelia_cosmetics/26587.jpg,none,0.0,other
26626,lobelia_cosmetics,/Users/mac/medical-telegram-warehouse/data/raw/images/lobelia_cosmetics/26626.jpg,none,0.0,other
26632,lobelia_cosmetics,/Users/mac/medical-telegram-warehouse/data/raw/images/lobelia_cosmetics/26632.jpg,book,0.25222140550613403,product_display
26624,lobelia_cosmetics,/Users/mac/medical-telegram-warehouse/data/raw/images/lobelia_cosmetics/26624.jpg,bottle,0.3789382576942444,product_display
26624,lobelia_cosmetics,/Users/mac/medical-telegram-warehouse/data/raw/images/lobelia_cosmetics/26624.jpg,cake,0.2855193316936493,product_display
26630,lobelia_cosmetics,/Users/mac/medical-telegram-warehouse/data/raw/images/lobelia_cosmetics/26630.jpg,none,0.0,other
26618,lobelia_cosmetics,/Users/mac/medical-telegram-warehouse/data/raw/images/lobelia_cosmetics/26618.jpg,bottle,0.48229584097862244,product_display
26618,lobelia_cosmetics,/Users/mac/medical-telegram-warehouse/data/raw/images/lobelia_cosmetics/26618.jpg,bottle,0.47251278162002563,product_display
26618,lobelia_cosmetics,/Users/mac/medical-telegram-warehouse/data/raw/images/lobelia_cosmetics/26618.jpg,bottle,0.43178755044937134,product_display
26618,lobelia_cosmetics,/Users/mac/medical-telegram-warehouse/data/raw/images/lobelia_cosmetics/26618.jpg,bottle,0.27132636308670044,product_display
26591,lobelia_cosmetics,/Users/mac/medical-telegram-warehouse/data/raw/images/lobelia_cosmetics/26591.jpg,clock,0.27083641290664673,other
26585,lobelia_cosmetics,/Users/mac/medical-telegram-warehouse/data/raw/images/lobelia_cosmetics/26585.jpg,fork,0.8577808737754822,product_display
26585,lobelia_cosmetics,/Users/mac/medical-telegram-warehouse/data/raw/images/lobelia_cosmetics/26585.jpg,cup,0.49490171670913696,product_display
26585,lobelia_cosmetics,/Users/mac/medical-telegram-warehouse/data/raw/images/lobelia_cosmetics/26585.jpg,knife,0.44402560591697693,product_display
26584,lobelia_cosmetics,/Users/mac/medical-telegram-warehouse/data/raw/images/lobelia_cosmetics/26584.jpg,cell phone,0.4421601891517639,product_display
26584,lobelia_cosmetics,/Users/mac/medical-telegram-warehouse/data/raw/images/lobelia_cosmetics/26584.jpg,donut,0.4113532304763794,product_display
26590,lobelia_cosmetics,/Users/mac/medical-telegram-warehouse/data/raw/images/lobelia_cosmetics/26590.jpg,none,0.0,other
26619,lobelia_cosmetics,/Users/mac/medical-telegram-warehouse/data/raw/images/lobelia_cosmetics/26619.jpg,bottle,0.5668665766716003,product_display
26619,lobelia_cosmetics,/Users/mac/medical-telegram-warehouse/data/raw/images/lobelia_cosmetics/26619.jpg,bottle,0.3778567910194397,product_display
26619,lobelia_cosmetics,/Users/mac/medical-telegram-warehouse/data/raw/images/lobelia_cosmetics/26619.jpg,bottle,0.2698698937892914,product_display
26619,lobelia_cosmetics,/Users/mac/medical-telegram-warehouse/data/raw/images/lobelia_cosmetics/26619.jpg,bottle,0.2639976143836975,product_display
26619,lobelia_cosmetics,/Users/mac/medical-telegram-warehouse/data/raw/images/lobelia_cosmetics/26619.jpg,bottle,0.25665196776390076,product_display
26631,lobelia_cosmetics,/Users/mac/medical-telegram-warehouse/data/raw/images/lobelia_cosmetics/26631.jpg,none,0.0,other
26625,lobelia_cosmetics,/Users/mac/medical-telegram-warehouse/data/raw/images/lobelia_cosmetics/26625.jpg,none,0.0,other
26609,lobelia_cosmetics,/Users/mac/medical-telegram-warehouse/data/raw/images/lobelia_cosmetics/26609.jpg,none,0.0,other
26621,lobelia_cosmetics,/Users/mac/medical-telegram-warehouse/data/raw/images/lobelia_cosmetics/26621.jpg,bottle,0.5031985640525818,product_display
26621,lobelia_cosmetics,/Users/mac/medical-telegram-warehouse/data/raw/images/lobelia_cosmetics/26621.jpg,bottle,0.3454018831253052,product_display
26621,lobelia_cosmetics,/Users/mac/medical-telegram-warehouse/data/raw/images/lobelia_cosmetics/26621.jpg,bottle,0.3194703161716461,product_display
26635,lobelia_cosmetics,/Users/mac/medical-telegram-warehouse/data/raw/images/lobelia_cosmetics/26635.jpg,none,0.0,other
26594,lobelia_cosmetics,/Users/mac/medical-telegram-warehouse/data/raw/images/lobelia_cosmetics/26594.jpg,none,0.0,other
26580,lobelia_cosmetics,/Users/mac/medical-telegram-warehouse/data/raw/images/lobelia_cosmetics/26580.jpg,none,0.0,other
26557,lobelia_cosmetics,/Users/mac/medical-telegram-warehouse/data/raw/images/lobelia_cosmetics/26557.jpg,none,0.0,other
26581,lobelia_cosmetics,/Users/mac/medical-telegram-warehouse/data/raw/images/lobelia_cosmetics/26581.jpg,bottle,0.48229584097862244,product_display
26581,lobelia_cosmetics,/Users/mac/medical-telegram-warehouse/data/raw/images/lobelia_cosmetics/26581.jpg,bottle,0.47251278162002563,product_display
26581,lobelia_cosmetics,/Users/mac/medical-telegram-warehouse/data/raw/images/lobelia_cosmetics/26581.jpg,bottle,0.43178755044937134,product_display
26581,lobelia_cosmetics,/Users/mac/medical-telegram-warehouse/data/raw/images/lobelia_cosmetics/26581.jpg,bottle,0.27132636308670044,product_display
26595,lobelia_cosmetics,/Users/mac/medical-telegram-warehouse/data/raw/images/lobelia_cosmetics/26595.jpg,orange,0.3177691400051117,other
26595,lobelia_cosmetics,/Users/mac/medical-telegram-warehouse/data/raw/images/lobelia_cosmetics/26595.jpg,teddy bear,0.271085649728775,other
26634,lobelia_cosmetics,/Users/mac/medical-telegram-warehouse/data/raw/images/lobelia_cosmetics/26634.jpg,none,0.0,other
26620,lobelia_cosmetics,/Users/mac/medical-telegram-warehouse/data/raw/images/lobelia_cosmetics/26620.jpg,bottle,0.4369513690471649,product_display
26608,lobelia_cosmetics,/Users/mac/medical-telegram-warehouse/data/raw/images/lobelia_cosmetics/26608.jpg,none,0.0,other
26636,lobelia_cosmetics,/Users/mac/medical-telegram-warehouse/data/raw/images/lobelia_cosmetics/26636.jpg,sports ball,0.36803433299064636,other
26636,lobelia_cosmetics,/Users/mac/medical-telegram-warehouse/data/raw/images/lobelia_cosmetics/26636.jpg,sports ball,0.2993008494377136,other
26622,lobelia_cosmetics,/Users/mac/medical-telegram-warehouse/data/raw/images/lobelia_cosmetics/26622.jpg,bottle,0.5096039772033691,product_display
26622,lobelia_cosmetics,/Users/mac/medical-telegram-warehouse/data/raw/images/lobelia_cosmetics/26622.jpg,bottle,0.3521130681037903,product_display
26583,lobelia_cosmetics,/Users/mac/medical-telegram-warehouse/data/raw/images/lobelia_cosmetics/26583.jpg,book,0.25222140550613403,product_display
26597,lobelia_cosmetics,/Users/mac/medical-telegram-warehouse/data/raw/images/lobelia_cosmetics/26597.jpg,person,0.8004422783851624,lifestyle
26568,lobelia_cosmetics,/Users/mac/medical-telegram-warehouse/data/raw/images/lobelia_cosmetics/26568.jpg,bottle,0.6432714462280273,product_display
26568,lobelia_cosmetics,/Users/mac/medical-telegram-warehouse/data/raw/images/lobelia_cosmetics/26568.jpg,bottle,0.6279266476631165,product_display
26568,lobelia_cosmetics,/Users/mac/medical-telegram-warehouse/data/raw/images/lobelia_cosmetics/26568.jpg,bottle,0.40221187472343445,product_display
26568,lobelia_cosmetics,/Users/mac/medical-telegram-warehouse/data/raw/images/lobelia_cosmetics/26568.jpg,bottle,0.3563340902328491,product_display
26568,lobelia_cosmetics,/Users/mac/medical-telegram-warehouse/data/raw/images/lobelia_cosmetics/26568.jpg,bottle,0.34715989232063293,product_display
26568,lobelia_cosmetics,/Users/mac/medical-telegram-warehouse/data/raw/images/lobelia_cosmetics/26568.jpg,bottle,0.3449896275997162,product_display
26568,lobelia_cosmetics,/Users/mac/medical-telegram-warehouse/data/raw/images/lobelia_cosmetics/26568.jpg,bottle,0.3412434160709381,product_display
26568,lobelia_cosmetics,/Users/mac/medical-telegram-warehouse/data/raw/images/lobelia_cosmetics/26568.jpg,bottle,0.314757764339447,product_display
26568,lobelia_cosmetics,/Users/mac/medical-telegram-warehouse/data/raw/images/lobelia_cosmetics/26568.jpg,bottle,0.2692013382911682,product_display
26568,lobelia_cosmetics,/Users/mac/medical-telegram-warehouse/data/raw/images/lobelia_cosmetics/26568.jpg,bottle,0.2691821753978729,product_display
26568,lobelia_cosmetics,/Users/mac/medical-telegram-warehouse/data/raw/images/lobelia_cosmetics/26568.jpg,bottle,0.2633962631225586,product_display
26569,lobelia_cosmetics,/Users/mac/medical-telegram-warehouse/data/raw/images/lobelia_cosmetics/26569.jpg,none,0.0,other
26596,lobelia_cosmetics,/Users/mac/medical-telegram-warehouse/data/raw/images/lobelia_cosmetics/26596.jpg,bottle,0.9058476090431213,product_display
26582,lobelia_cosmetics,/Users/mac/medical-telegram-warehouse/data/raw/images/lobelia_cosmetics/26582.jpg,bottle,0.5668665766716003,product_display
26582,lobelia_cosmetics,/Users/mac/medical-telegram-warehouse/data/raw/images/lobelia_cosmetics/26582.jpg,bottle,0.3778567910194397,product_display
26582,lobelia_cosmetics,/Users/mac/medical-telegram-warehouse/data/raw/images/lobelia_cosmetics/26582.jpg,bottle,0.2698698937892914,product_display
26582,lobelia_cosmetics,/Users/mac/medical-telegram-warehouse/data/raw/images/lobelia_cosmetics/26582.jpg,bottle,0.2639976143836975,product_display
26582,lobelia_cosmetics,/Users/mac/medical-telegram-warehouse/data/raw/images/lobelia_cosmetics/26582.jpg,bottle,0.25665196776390076,product_display
26623,lobelia_cosmetics,/Users/mac/medical-telegram-warehouse/data/raw/images/lobelia_cosmetics/26623.jpg,bottle,0.6109315752983093,product_display
26623,lobelia_cosmetics,/Users/mac/medical-telegram-warehouse/data/raw/images/lobelia_cosmetics/26623.jpg,bottle,0.3555762469768524,product_display
26623,lobelia_cosmetics,/Users/mac/medical-telegram-warehouse/data/raw/images/lobelia_cosmetics/26623.jpg,bottle,0.33506327867507935,product_display
26623,lobelia_cosmetics,/Users/mac/medical-telegram-warehouse/data/raw/images/lobelia_cosmetics/26623.jpg,bottle,0.32865849137306213,product_display
26623,lobelia_cosmetics,/Users/mac/medical-telegram-warehouse/data/raw/images/lobelia_cosmetics/26623.jpg,bottle,0.2876713275909424,product_display
26623,lobelia_cosmetics,/Users/mac/medical-telegram-warehouse/data/raw/images/lobelia_cosmetics/26623.jpg,bottle,0.28579074144363403,product_display
26623,lobelia_cosmetics,/Users/mac/medical-telegram-warehouse/data/raw/images/lobelia_cosmetics/26623.jpg,bottle,0.28018608689308167,product_display
26623,lobelia_cosmetics,/Users/mac/medical-telegram-warehouse/data/raw/images/lobelia_cosmetics/26623.jpg,bottle,0.2685726583003998,product_display
26623,lobelia_cosmetics,/Users/mac/medical-telegram-warehouse/data/raw/images/lobelia_cosmetics/26623.jpg,bottle,0.2674815356731415,product_display
26637,lobelia_cosmetics,/Users/mac/medical-telegram-warehouse/data/raw/images/lobelia_cosmetics/26637.jpg,bottle,0.4262692928314209,product_display
26612,lobelia_cosmetics,/Users/mac/medical-telegram-warehouse/data/raw/images/lobelia_cosmetics/26612.jpg,book,0.2932324707508087,product_display
26612,lobelia_cosmetics,/Users/mac/medical-telegram-warehouse/data/raw/images/lobelia_cosmetics/26612.jpg,bottle,0.28239524364471436,product_display
26612,lobelia_cosmetics,/Users/mac/medical-telegram-warehouse/data/raw/images/lobelia_cosmetics/26612.jpg,refrigerator,0.2755335569381714,product_display
26612,lobelia_cosmetics,/Users/mac/medical-telegram-warehouse/data/raw/images/lobelia_cosmetics/26612.jpg,bottle,0.2694108784198761,product_display
26606,lobelia_cosmetics,/Users/mac/medical-telegram-warehouse/data/raw/images/lobelia_cosmetics/26606.jpg,bottle,0.6767738461494446,product_display
26564,lobelia_cosmetics,/Users/mac/medical-telegram-warehouse/data/raw/images/lobelia_cosmetics/26564.jpg,none,0.0,other
26570,lobelia_cosmetics,/Users/mac/medical-telegram-warehouse/data/raw/images/lobelia_cosmetics/26570.jpg,none,0.0,other
26558,lobelia_cosmetics,/Users/mac/medical-telegram-warehouse/data/raw/images/lobelia_cosmetics/26558.jpg,bottle,0.27248615026474,product_display
26559,lobelia_cosmetics,/Users/mac/medical-telegram-warehouse/data/raw/images/lobelia_cosmetics/26559.jpg,none,0.0,other
26571,lobelia_cosmetics,/Users/mac/medical-telegram-warehouse/data/raw/images/lobelia_cosmetics/26571.jpg,bottle,0.6695098876953125,product_display
26571,lobelia_cosmetics,/Users/mac/medical-telegram-warehouse/data/raw/images/lobelia_cosmetics/26571.jpg,vase,0.610403835773468,product_display
26565,lobelia_cosmetics,/Users/mac/medical-telegram-warehouse/data/raw/images/lobelia_cosmetics/26565.jpg,none,0.0,other
26607,lobelia_cosmetics,/Users/mac/medical-telegram-warehouse/data/raw/images/lobelia_cosmetics/26607.jpg,bottle,0.788079023361206,product_display
26607,lobelia_cosmetics,/Users/mac/medical-telegram-warehouse/data/raw/images/lobelia_cosmetics/26607.jpg,bottle,0.5554230213165283,product_display
26607,lobelia_cosmetics,/Users/mac/medical-telegram-warehouse/data/raw/images/lobelia_cosmetics/26607.jpg,bottle,0.378480464220047,product_display
26607,lobelia_cosmetics,/Users/mac/medical-telegram-warehouse/data/raw/images/lobelia_cosmetics/26607.jpg,bottle,0.36519408226013184,product_display
26607,lobelia_cosmetics,/Users/mac/medical-telegram-warehouse/data/raw/images/lobelia_cosmetics/26607.jpg,bottle,0.3564133644104004,product_display
26607,lobelia_cosmetics,/Users/mac/medical-telegram-warehouse/data/raw/images/lobelia_cosmetics/26607.jpg,bottle,0.33827337622642517,product_display
26607,lobelia_cosmetics,/Users/mac/medical-telegram-warehouse/data/raw/images/lobelia_cosmetics/26607.jpg,bottle,0.30410322546958923,product_display
26607,lobelia_cosmetics,/Users/mac/medical-telegram-warehouse/data/raw/images/lobelia_cosmetics/26607.jpg,bottle,0.2987993061542511,product_display
26613,lobelia_cosmetics,/Users/mac/medical-telegram-warehouse/data/raw/images/lobelia_cosmetics/26613.jpg,book,0.28602489829063416,product_display
26613,lobelia_cosmetics,/Users/mac/medical-telegram-warehouse/data/raw/images/lobelia_cosmetics/26613.jpg,cup,0.2675185799598694,product_display
26605,lobelia_cosmetics,/Users/mac/medical-telegram-warehouse/data/raw/images/lobelia_cosmetics/26605.jpg,none,0.0,other
26611,lobelia_cosmetics,/Users/mac/medical-telegram-warehouse/data/raw/images/lobelia_cosmetics/26611.jpg,bottle,0.8619311451911926,product_display
26639,lobelia_cosmetics,/Users/mac/medical-telegram-warehouse/data/raw/images/lobelia_cosmetics/26639.jpg,none,0.0,other
26598,lobelia_cosmetics,/Users/mac/medical-telegram-warehouse/data/raw/images/lobelia_cosmetics/26598.jpg,bottle,0.7406816482543945,product_display
26573,lobelia_cosmetics,/Users/mac/medical-telegram-warehouse/data/raw/images/lobelia_cosmetics/26573.jpg,bottle,0.5730133652687073,product_display
26573,lobelia_cosmetics,/Users/mac/medical-telegram-warehouse/data/raw/images/lobelia_cosmetics/26573.jpg,bottle,0.5491237044334412,product_display
26573,lobelia_cosmetics,/Users/mac/medical-telegram-warehouse/data/raw/images/lobelia_cosmetics/26573.jpg,bottle,0.3822631239891052,product_display
26573,lobelia_cosmetics,/Users/mac/medical-telegram-warehouse/data/raw/images/lobelia_cosmetics/26573.jpg,bottle,0.29697471857070923,product_display
26567,lobelia_cosmetics,/Users/mac/medical-telegram-warehouse/data/raw/images/lobelia_cosmetics/26567.jpg,none,0.0,other
26566,lobelia_cosmetics,/Users/mac/medical-telegram-warehouse/data/raw/images/lobelia_cosmetics/26566.jpg,cup,0.3540221154689789,product_display
26572,lobelia_cosmetics,/Users/mac/medical-telegram-warehouse/data/raw/images/lobelia_cosmetics/26572.jpg,bottle,0.46426352858543396,product_display
26599,lobelia_cosmetics,/Users/mac/medical-telegram-warehouse/data/raw/images/lobelia_cosmetics/26599.jpg,bottle,0.5097291469573975,product_display
26599,lobelia_cosmetics,/Users/mac/medical-telegram-warehouse/data/raw/images/lobelia_cosmetics/26599.jpg,bottle,0.5074446797370911,product_display
26599,lobelia_cosmetics,/Users/mac/medical-telegram-warehouse/data/raw/images/lobelia_cosmetics/26599.jpg,dining table,0.46089085936546326,product_display
26599,lobelia_cosmetics,/Users/mac/medical-telegram-warehouse/data/raw/images/lobelia_cosmetics/26599.jpg,bottle,0.423902302980423,product_display
26599,lobelia_cosmetics,/Users/mac/medical-telegram-warehouse/data/raw/images/lobelia_cosmetics/26599.jpg,bottle,0.42066624760627747,product_display
26599,lobelia_cosmetics,/Users/mac/medical-telegram-warehouse/data/raw/images/lobelia_cosmetics/26599.jpg,cup,0.368380606174469,product_display
26599,lobelia_cosmetics,/Users/mac/medical-telegram-warehouse/data/raw/images/lobelia_cosmetics/26599.jpg,bottle,0.33850017189979553,product_display
26599,lobelia_cosmetics,/Users/mac/medical-telegram-warehouse/data/raw/images/lobelia_cosmetics/26599.jpg,bottle,0.32597219944000244,product_display
26599,lobelia_cosmetics,/Users/mac/medical-telegram-warehouse/data/raw/images/lobelia_cosmetics/26599.jpg,bottle,0.3151762783527374,product_display
26599,lobelia_cosmetics,/Users/mac/medical-telegram-warehouse/data/raw/images/lobelia_cosmetics/26599.jpg,bottle,0.3124110698699951,product_display
26599,lobelia_cosmetics,/Users/mac/medical-telegram-warehouse/data/raw/images/lobelia_cosmetics/26599.jpg,bottle,0.2992855906486511,product_display
26599,lobelia_cosmetics,/Users/mac/medical-telegram-warehouse/data/raw/images/lobelia_cosmetics/26599.jpg,bottle,0.29021701216697693,product_display
26638,lobelia_cosmetics,/Users/mac/medical-telegram-warehouse/data/raw/images/lobelia_cosmetics/26638.jpg,none,0.0,other
26610,lobelia_cosmetics,/Users/mac/medical-telegram-warehouse/data/raw/images/lobelia_cosmetics/26610.jpg,none,0.0,other
26604,lobelia_cosmetics,/Users/mac/medical-telegram-warehouse/data/raw/images/lobelia_cosmetics/26604.jpg,bottle,0.27248615026474,product_display
26628,lobelia_cosmetics,/Users/mac/medical-telegram-warehouse/data/raw/images/lobelia_cosmetics/26628.jpg,none,0.0,other
26600,lobelia_cosmetics,/Users/mac/medical-telegram-warehouse/data/raw/images/lobelia_cosmetics/26600.jpg,person,0.3116898536682129,lifestyle
26614,lobelia_cosmetics,/Users/mac/medical-telegram-warehouse/data/raw/images/lobelia_cosmetics/26614.jpg,cup,0.44859743118286133,product_display
26614,lobelia_cosmetics,/Users/mac/medical-telegram-warehouse/data/raw/images/lobelia_cosmetics/26614.jpg,bottle,0.28690463304519653,product_display
26589,lobelia_cosmetics,/Users/mac/medical-telegram-warehouse/data/raw/images/lobelia_cosmetics/26589.jpg,person,0.6775984168052673,lifestyle
26589,lobelia_cosmetics,/Users/mac/medical-telegram-warehouse/data/raw/images/lobelia_cosmetics/26589.jpg,stop sign,0.2887912094593048,lifestyle
26576,lobelia_cosmetics,/Users/mac/medical-telegram-warehouse/data/raw/images/lobelia_cosmetics/26576.jpg,bottle,0.4999038875102997,product_display
26562,lobelia_cosmetics,/Users/mac/medical-telegram-warehouse/data/raw/images/lobelia_cosmetics/26562.jpg,bottle,0.8619311451911926,product_display
26563,lobelia_cosmetics,/Users/mac/medical-telegram-warehouse/data/raw/images/lobelia_cosmetics/26563.jpg,none,0.0,other
26577,lobelia_cosmetics,/Users/mac/medical-telegram-warehouse/data/raw/images/lobelia_cosmetics/26577.jpg,refrigerator,0.42145872116088867,product_display
26577,lobelia_cosmetics,/Users/mac/medical-telegram-warehouse/data/raw/images/lobelia_cosmetics/26577.jpg,bottle,0.25736886262893677,product_display
26588,lobelia_cosmetics,/Users/mac/medical-telegram-warehouse/data/raw/images/lobelia_cosmetics/26588.jpg,sports ball,0.36803433299064636,other
26588,lobelia_cosmetics,/Users/mac/medical-telegram-warehouse/data/raw/images/lobelia_cosmetics/26588.jpg,sports ball,0.2993008494377136,other
26615,lobelia_cosmetics,/Users/mac/medical-telegram-warehouse/data/raw/images/lobelia_cosmetics/26615.jpg,bottle,0.3434654474258423,product_display
26615,lobelia_cosmetics,/Users/mac/medical-telegram-warehouse/data/raw/images/lobelia_cosmetics/26615.jpg,bottle,0.3334100544452667,product_display
26615,lobelia_cosmetics,/Users/mac/medical-telegram-warehouse/data/raw/images/lobelia_cosmetics/26615.jpg,bottle,0.31239306926727295,product_display
26615,lobelia_cosmetics,/Users/mac/medical-telegram-warehouse/data/raw/images/lobelia_cosmetics/26615.jpg,bottle,0.31233176589012146,product_display
26615,lobelia_cosmetics,/Users/mac/medical-telegram-warehouse/data/raw/images/lobelia_cosmetics/26615.jpg,orange,0.2799622118473053,product_display
26601,lobelia_cosmetics,/Users/mac/medical-telegram-warehouse/data/raw/images/lobelia_cosmetics/26601.jpg,bottle,0.4262692928314209,product_display
26629,lobelia_cosmetics,/Users/mac/medical-telegram-warehouse/data/raw/images/lobelia_cosmetics/26629.jpg,cup,0.7179240584373474,product_display
26629,lobelia_cosmetics,/Users/mac/medical-telegram-warehouse/data/raw/images/lobelia_cosmetics/26629.jpg,cup,0.3850876986980438,product_display
26629,lobelia_cosmetics,/Users/mac/medical-telegram-warehouse/data/raw/images/lobelia_cosmetics/26629.jpg,book,0.29399242997169495,product_display
26617,lobelia_cosmetics,/Users/mac/medical-telegram-warehouse/data/raw/images/lobelia_cosmetics/26617.jpg,refrigerator,0.5083404779434204,product_display
26617,lobelia_cosmetics,/Users/mac/medical-telegram-warehouse/data/raw/images/lobelia_cosmetics/26617.jpg,bottle,0.44450613856315613,product_display
26617,lobelia_cosmetics,/Users/mac/medical-telegram-warehouse/data/raw/images/lobelia_cosmetics/26617.jpg,bottle,0.39759746193885803,product_display
26617,lobelia_cosmetics,/Users/mac/medical-telegram-warehouse/data/raw/images/lobelia_cosmetics/26617.jpg,dining table,0.29881396889686584,product_display
26617,lobelia_cosmetics,/Users/mac/medical-telegram-warehouse/data/raw/images/lobelia_cosmetics/26617.jpg,bottle,0.2925148010253906,product_display
26617,lobelia_cosmetics,/Users/mac/medical-telegram-warehouse/data/raw/images/lobelia_cosmetics/26617.jpg,bottle,0.2798749804496765,product_display
26617,lobelia_cosmetics,/Users/mac/medical-telegram-warehouse/data/raw/images/lobelia_cosmetics/26617.jpg,bottle,0.2750203609466553,product_display
26617,lobelia_cosmetics,/Users/mac/medical-telegram-warehouse/data/raw/images/lobelia_cosmetics/26617.jpg,bottle,0.25872111320495605,product_display
26603,lobelia_cosmetics,/Users/mac/medical-telegram-warehouse/data/raw/images/lobelia_cosmetics/26603.jpg,none,0.0,other
26561,lobelia_cosmetics,/Users/mac/medical-telegram-warehouse/data/raw/images/lobelia_cosmetics/26561.jpg,none,0.0,other
26575,lobelia_cosmetics,/Users/mac/medical-telegram-warehouse/data/raw/images/lobelia_cosmetics/26575.jpg,bottle,0.32532092928886414,product_display
26574,lobelia_cosmetics,/Users/mac/medical-telegram-warehouse/data/raw/images/lobelia_cosmetics/26574.jpg,book,0.47957515716552734,product_display
26574,lobelia_cosmetics,/Users/mac/medical-telegram-warehouse/data/raw/images/lobelia_cosmetics/26574.jpg,book,0.3901996910572052,product_display
26560,lobelia_cosmetics,/Users/mac/medical-telegram-warehouse/data/raw/images/lobelia_cosmetics/26560.jpg,none,0.0,other
26602,lobelia_cosmetics,/Users/mac/medical-telegram-warehouse/data/raw/images/lobelia_cosmetics/26602.jpg,none,0.0,other
26616,lobelia_cosmetics,/Users/mac/medical-telegram-warehouse/data/raw/images/lobelia_cosmetics/26616.jpg,bottle,0.3352739214897156,product_display
26616,lobelia_cosmetics,/Users/mac/medical-telegram-warehouse/data/raw/images/lobelia_cosmetics/26616.jpg,bottle,0.29598739743232727,product_display
26671,lobelia_cosmetics,/Users/mac/medical-telegram-warehouse/data/raw/images/lobelia_cosmetics/26671.jpg,none,0.0,other
26665,lobelia_cosmetics,/Users/mac/medical-telegram-warehouse/data/raw/images/lobelia_cosmetics/26665.jpg,person,0.6775984168052673,lifestyle
26665,lobelia_cosmetics,/Users/mac/medical-telegram-warehouse/data/raw/images/lobelia_cosmetics/26665.jpg,stop sign,0.2887912094593048,lifestyle
26659,lobelia_cosmetics,/Users/mac/medical-telegram-warehouse/data/raw/images/lobelia_cosmetics/26659.jpg,none,0.0,other
26658,lobelia_cosmetics,/Users/mac/medical-telegram-warehouse/data/raw/images/lobelia_cosmetics/26658.jpg,bottle,0.4262692928314209,product_display
26664,lobelia_cosmetics,/Users/mac/medical-telegram-warehouse/data/raw/images/lobelia_cosmetics/26664.jpg,none,0.0,other
26670,lobelia_cosmetics,/Users/mac/medical-telegram-warehouse/data/raw/images/lobelia_cosmetics/26670.jpg,none,0.0,other
26666,lobelia_cosmetics,/Users/mac/medical-telegram-warehouse/data/raw/images/lobelia_cosmetics/26666.jpg,none,0.0,other
26672,lobelia_cosmetics,/Users/mac/medical-telegram-warehouse/data/raw/images/lobelia_cosmetics/26672.jpg,bottle,0.5097291469573975,product_display
26672,lobelia_cosmetics,/Users/mac/medical-telegram-warehouse/data/raw/images/lobelia_cosmetics/26672.jpg,bottle,0.5074446797370911,product_display
26672,lobelia_cosmetics,/Users/mac/medical-telegram-warehouse/data/raw/images/lobelia_cosmetics/26672.jpg,dining table,0.46089085936546326,product_display
26672,lobelia_cosmetics,/Users/mac/medical-telegram-warehouse/data/raw/images/lobelia_cosmetics/26672.jpg,bottle,0.423902302980423,product_display
26672,lobelia_cosmetics,/Users/mac/medical-telegram-warehouse/data/raw/images/lobelia_cosmetics/26672.jpg,bottle,0.42066624760627747,product_display
26672,lobelia_cosmetics,/Users/mac/medical-telegram-warehouse/data/raw/images/lobelia_cosmetics/26672.jpg,cup,0.368380606174469,product_display
26672,lobelia_cosmetics,/Users/mac/medical-telegram-warehouse/data/raw/images/lobelia_cosmetics/26672.jpg,bottle,0.33850017189979553,product_display
26672,lobelia_cosmetics,/Users/mac/medical-telegram-warehouse/data/raw/images/lobelia_cosmetics/26672.jpg,bottle,0.32597219944000244,product_display
26672,lobelia_cosmetics,/Users/mac/medical-telegram-warehouse/data/raw/images/lobelia_cosmetics/26672.jpg,bottle,0.3151762783527374,product_display
26672,lobelia_cosmetics,/Users/mac/medical-telegram-warehouse/data/raw/images/lobelia_cosmetics/26672.jpg,bottle,0.3124110698699951,product_display
26672,lobelia_cosmetics,/Users/mac/medical-telegram-warehouse/data/raw/images/lobelia_cosmetics/26672.jpg,bottle,0.2992855906486511,product_display
26672,lobelia_cosmetics,/Users/mac/medical-telegram-warehouse/data/raw/images/lobelia_cosmetics/26672.jpg,bottle,0.29021701216697693,product_display
26673,lobelia_cosmetics,/Users/mac/medical-telegram-warehouse/data/raw/images/lobelia_cosmetics/26673.jpg,person,0.3116898536682129,lifestyle
26667,lobelia_cosmetics,/Users/mac/medical-telegram-warehouse/data/raw/images/lobelia_cosmetics/26667.jpg,none,0.0,other
26663,lobelia_cosmetics,/Users/mac/medical-telegram-warehouse/data/raw/images/lobelia_cosmetics/26663.jpg,person,0.6775984168052673,lifestyle
26663,lobelia_cosmetics,/Users/mac/medical-telegram-warehouse/data/raw/images/lobelia_cosmetics/26663.jpg,stop sign,0.2887912094593048,lifestyle
26662,lobelia_cosmetics,/Users/mac/medical-telegram-warehouse/data/raw/images/lobelia_cosmetics/26662.jpg,cell phone,0.3195800185203552,product_display
26648,lobelia_cosmetics,/Users/mac/medical-telegram-warehouse/data/raw/images/lobelia_cosmetics/26648.jpg,none,0.0,other
26674,lobelia_cosmetics,/Users/mac/medical-telegram-warehouse/data/raw/images/lobelia_cosmetics/26674.jpg,none,0.0,other
26660,lobelia_cosmetics,/Users/mac/medical-telegram-warehouse/data/raw/images/lobelia_cosmetics/26660.jpg,none,0.0,other
26661,lobelia_cosmetics,/Users/mac/medical-telegram-warehouse/data/raw/images/lobelia_cosmetics/26661.jpg,bottle,0.27248615026474,product_display
26649,lobelia_cosmetics,/Users/mac/medical-telegram-warehouse/data/raw/images/lobelia_cosmetics/26649.jpg,none,0.0,other
196246,tikvah_pharma,/Users/mac/medical-telegram-warehouse/data/raw/images/tikvah_pharma/196246.jpg,laptop,0.9521930813789368,lifestyle
196246,tikvah_pharma,/Users/mac/medical-telegram-warehouse/data/raw/images/tikvah_pharma/196246.jpg,laptop,0.9129306077957153,lifestyle
196246,tikvah_pharma,/Users/mac/medical-telegram-warehouse/data/raw/images/tikvah_pharma/196246.jpg,tv,0.828651487827301,lifestyle
196246,tikvah_pharma,/Users/mac/medical-telegram-warehouse/data/raw/images/tikvah_pharma/196246.jpg,person,0.8244489431381226,lifestyle
196246,tikvah_pharma,/Users/mac/medical-telegram-warehouse/data/raw/images/tikvah_pharma/196246.jpg,tv,0.8070924282073975,lifestyle
196246,tikvah_pharma,/Users/mac/medical-telegram-warehouse/data/raw/images/tikvah_pharma/196246.jpg,person,0.41688773036003113,lifestyle
196246,tikvah_pharma,/Users/mac/medical-telegram-warehouse/data/raw/images/tikvah_pharma/196246.jpg,keyboard,0.3070378005504608,lifestyle
196247,tikvah_pharma,/Users/mac/medical-telegram-warehouse/data/raw/images/tikvah_pharma/196247.jpg,laptop,0.7089229226112366,other
196327,tikvah_pharma,/Users/mac/medical-telegram-warehouse/data/raw/images/tikvah_pharma/196327.jpg,none,0.0,other
196286,tikvah_pharma,/Users/mac/medical-telegram-warehouse/data/raw/images/tikvah_pharma/196286.jpg,book,0.333666056394577,product_display
196286,tikvah_pharma,/Users/mac/medical-telegram-warehouse/data/raw/images/tikvah_pharma/196286.jpg,toothbrush,0.255535751581192,product_display
196268,tikvah_pharma,/Users/mac/medical-telegram-warehouse/data/raw/images/tikvah_pharma/196268.jpg,bowl,0.3644428551197052,other
196269,tikvah_pharma,/Users/mac/medical-telegram-warehouse/data/raw/images/tikvah_pharma/196269.jpg,none,0.0,other
196337,tikvah_pharma,/Users/mac/medical-telegram-warehouse/data/raw/images/tikvah_pharma/196337.jpg,none,0.0,other
196295,tikvah_pharma,/Users/mac/medical-telegram-warehouse/data/raw/images/tikvah_pharma/196295.jpg,person,0.39225828647613525,lifestyle
196295,tikvah_pharma,/Users/mac/medical-telegram-warehouse/data/raw/images/tikvah_pharma/196295.jpg,sports ball,0.29745641350746155,lifestyle
196344,tikvah_pharma,/Users/mac/medical-telegram-warehouse/data/raw/images/tikvah_pharma/196344.jpg,tv,0.6953573226928711,other
196344,tikvah_pharma,/Users/mac/medical-telegram-warehouse/data/raw/images/tikvah_pharma/196344.jpg,microwave,0.4358026683330536,other
196344,tikvah_pharma,/Users/mac/medical-telegram-warehouse/data/raw/images/tikvah_pharma/196344.jpg,clock,0.27874755859375,other
196384,tikvah_pharma,/Users/mac/medical-telegram-warehouse/data/raw/images/tikvah_pharma/196384.jpg,laptop,0.908444881439209,other
196343,tikvah_pharma,/Users/mac/medical-telegram-warehouse/data/raw/images/tikvah_pharma/196343.jpg,none,0.0,other
196356,tikvah_pharma,/Users/mac/medical-telegram-warehouse/data/raw/images/tikvah_pharma/196356.jpg,tv,0.6953573226928711,other
196356,tikvah_pharma,/Users/mac/medical-telegram-warehouse/data/raw/images/tikvah_pharma/196356.jpg,microwave,0.4358026683330536,other
196356,tikvah_pharma,/Users/mac/medical-telegram-warehouse/data/raw/images/tikvah_pharma/196356.jpg,clock,0.27874755859375,other
196340,tikvah_pharma,/Users/mac/medical-telegram-warehouse/data/raw/images/tikvah_pharma/196340.jpg,laptop,0.7089229226112366,other
196368,tikvah_pharma,/Users/mac/medical-telegram-warehouse/data/raw/images/tikvah_pharma/196368.jpg,none,0.0,other
196383,tikvah_pharma,/Users/mac/medical-telegram-warehouse/data/raw/images/tikvah_pharma/196383.jpg,laptop,0.8312308192253113,product_display
196383,tikvah_pharma,/Users/mac/medical-telegram-warehouse/data/raw/images/tikvah_pharma/196383.jpg,bottle,0.6147421598434448,product_display
196369,tikvah_pharma,/Users/mac/medical-telegram-warehouse/data/raw/images/tikvah_pharma/196369.jpg,refrigerator,0.33576491475105286,other
196355,tikvah_pharma,/Users/mac/medical-telegram-warehouse/data/raw/images/tikvah_pharma/196355.jpg,none,0.0,other
196370,tikvah_pharma,/Users/mac/medical-telegram-warehouse/data/raw/images/tikvah_pharma/196370.jpg,laptop,0.7089229226112366,other
196367,tikvah_pharma,/Users/mac/medical-telegram-warehouse/data/raw/images/tikvah_pharma/196367.jpg,none,0.0,other
196313,tikvah_pharma,/Users/mac/medical-telegram-warehouse/data/raw/images/tikvah_pharma/196313.jpg,laptop,0.7089229226112366,other
196312,tikvah_pharma,/Users/mac/medical-telegram-warehouse/data/raw/images/tikvah_pharma/196312.jpg,refrigerator,0.33576491475105286,other
196338,tikvah_pharma,/Users/mac/medical-telegram-warehouse/data/raw/images/tikvah_pharma/196338.jpg,none,0.0,other
196310,tikvah_pharma,/Users/mac/medical-telegram-warehouse/data/raw/images/tikvah_pharma/196310.jpg,none,0.0,other
196270,tikvah_pharma,/Users/mac/medical-telegram-warehouse/data/raw/images/tikvah_pharma/196270.jpg,none,0.0,other
196271,tikvah_pharma,/Users/mac/medical-telegram-warehouse/data/raw/images/tikvah_pharma/196271.jpg,refrigerator,0.33576491475105286,other
196311,tikvah_pharma,/Users/mac/medical-telegram-warehouse/data/raw/images/tikvah_pharma/196311.jpg,none,0.0,other
196339,tikvah_pharma,/Users/mac/medical-telegram-warehouse/data/raw/images/tikvah_pharma/196339.jpg,refrigerator,0.33576491475105286,other
196288,tikvah_pharma,/Users/mac/medical-telegram-warehouse/data/raw/images/tikvah_pharma/196288.jpg,bowl,0.3644428551197052,other
2707,hakimapps_guideline,/Users/mac/medical-telegram-warehouse/data/raw/images/hakimapps_guideline/2707.jpg,none,0.0,other
2710,hakimapps_guideline,/Users/mac/medical-telegram-warehouse/data/raw/images/hakimapps_guideline/2710.jpg,bottle,0.700162410736084,promotional
2710,hakimapps_guideline,/Users/mac/medical-telegram-warehouse/data/raw/images/hakimapps_guideline/2710.jpg,person,0.5791810750961304,promotional
2710,hakimapps_guideline,/Users/mac/medical-telegram-warehouse/data/raw/images/hakimapps_guideline/2710.jpg,baseball glove,0.45774292945861816,promotional
2710,hakimapps_guideline,/Users/mac/medical-telegram-warehouse/data/raw/images/hakimapps_guideline/2710.jpg,person,0.3565272390842438,promotional
2710,hakimapps_guideline,/Users/mac/medical-telegram-warehouse/data/raw/images/hakimapps_guideline/2710.jpg,person,0.28547146916389465,promotional
2710,hakimapps_guideline,/Users/mac/medical-telegram-warehouse/data/raw/images/hakimapps_guideline/2710.jpg,sports ball,0.2524118721485138,promotional
2728,hakimapps_guideline,/Users/mac/medical-telegram-warehouse/data/raw/images/hakimapps_guideline/2728.jpg,none,0.0,other
2714,hakimapps_guideline,/Users/mac/medical-telegram-warehouse/data/raw/images/hakimapps_guideline/2714.jpg,book,0.32316744327545166,product_display
2714,hakimapps_guideline,/Users/mac/medical-telegram-warehouse/data/raw/images/hakimapps_guideline/2714.jpg,refrigerator,0.2977544069290161,product_display
2729,hakimapps_guideline,/Users/mac/medical-telegram-warehouse/data/raw/images/hakimapps_guideline/2729.jpg,person,0.8149072527885437,lifestyle
2729,hakimapps_guideline,/Users/mac/medical-telegram-warehouse/data/raw/images/hakimapps_guideline/2729.jpg,person,0.7756564617156982,lifestyle
2729,hakimapps_guideline,/Users/mac/medical-telegram-warehouse/data/raw/images/hakimapps_guideline/2729.jpg,person,0.6119425296783447,lifestyle
2729,hakimapps_guideline,/Users/mac/medical-telegram-warehouse/data/raw/images/hakimapps_guideline/2729.jpg,person,0.42623281478881836,lifestyle
2729,hakimapps_guideline,/Users/mac/medical-telegram-warehouse/data/raw/images/hakimapps_guideline/2729.jpg,person,0.39320775866508484,lifestyle
2717,hakimapps_guideline,/Users/mac/medical-telegram-warehouse/data/raw/images/hakimapps_guideline/2717.jpg,person,0.8158338665962219,lifestyle
2765,hakimapps_guideline,/Users/mac/medical-telegram-warehouse/data/raw/images/hakimapps_guideline/2765.jpg,none,0.0,other
2809,hakimapps_guideline,/Users/mac/medical-telegram-warehouse/data/raw/images/hakimapps_guideline/2809.jpg,cell phone,0.33875754475593567,product_display
2809,hakimapps_guideline,/Users/mac/medical-telegram-warehouse/data/raw/images/hakimapps_guideline/2809.jpg,book,0.2588929831981659,product_display
2772,hakimapps_guideline,/Users/mac/medical-telegram-warehouse/data/raw/images/hakimapps_guideline/2772.jpg,person,0.5814971923828125,lifestyle
2772,hakimapps_guideline,/Users/mac/medical-telegram-warehouse/data/raw/images/hakimapps_guideline/2772.jpg,person,0.4744981825351715,lifestyle
2772,hakimapps_guideline,/Users/mac/medical-telegram-warehouse/data/raw/images/hakimapps_guideline/2772.jpg,bed,0.43152111768722534,lifestyle
2772,hakimapps_guideline,/Users/mac/medical-telegram-warehouse/data/raw/images/hakimapps_guideline/2772.jpg,person,0.3310430645942688,lifestyle
2799,hakimapps_guideline,/Users/mac/medical-telegram-warehouse/data/raw/images/hakimapps_guideline/2799.jpg,person,0.830242395401001,lifestyle
2773,hakimapps_guideline,/Users/mac/medical-telegram-warehouse/data/raw/images/hakimapps_guideline/2773.jpg,person,0.6166698336601257,lifestyle
2767,hakimapps_guideline,/Users/mac/medical-telegram-warehouse/data/raw/images/hakimapps_guideline/2767.jpg,book,0.4847036600112915,product_display
2808,hakimapps_guideline,/Users/mac/medical-telegram-warehouse/data/raw/images/hakimapps_guideline/2808.jpg,microwave,0.4392084777355194,other
2789,hakimapps_guideline,/Users/mac/medical-telegram-warehouse/data/raw/images/hakimapps_guideline/2789.jpg,none,0.0,other
2762,hakimapps_guideline,/Users/mac/medical-telegram-warehouse/data/raw/images/hakimapps_guideline/2762.jpg,none,0.0,other
2748,hakimapps_guideline,/Users/mac/medical-telegram-warehouse/data/raw/images/hakimapps_guideline/2748.jpg,clock,0.42959773540496826,other
2774,hakimapps_guideline,/Users/mac/medical-telegram-warehouse/data/raw/images/hakimapps_guideline/2774.jpg,person,0.7595862746238708,lifestyle
2774,hakimapps_guideline,/Users/mac/medical-telegram-warehouse/data/raw/images/hakimapps_guideline/2774.jpg,tie,0.2725695073604584,lifestyle
2761,hakimapps_guideline,/Users/mac/medical-telegram-warehouse/data/raw/images/hakimapps_guideline/2761.jpg,none,0.0,other
2775,hakimapps_guideline,/Users/mac/medical-telegram-warehouse/data/raw/images/hakimapps_guideline/2775.jpg,person,0.6532067060470581,promotional
2775,hakimapps_guideline,/Users/mac/medical-telegram-warehouse/data/raw/images/hakimapps_guideline/2775.jpg,bed,0.5051263570785522,promotional
2775,hakimapps_guideline,/Users/mac/medical-telegram-warehouse/data/raw/images/hakimapps_guideline/2775.jpg,person,0.36615848541259766,promotional
2775,hakimapps_guideline,/Users/mac/medical-telegram-warehouse/data/raw/images/hakimapps_guideline/2775.jpg,bottle,0.29339921474456787,promotional
2749,hakimapps_guideline,/Users/mac/medical-telegram-warehouse/data/raw/images/hakimapps_guideline/2749.jpg,person,0.8961078524589539,lifestyle
2749,hakimapps_guideline,/Users/mac/medical-telegram-warehouse/data/raw/images/hakimapps_guideline/2749.jpg,person,0.4496951103210449,lifestyle
2750,hakimapps_guideline,/Users/mac/medical-telegram-warehouse/data/raw/images/hakimapps_guideline/2750.jpg,none,0.0,other
2778,hakimapps_guideline,/Users/mac/medical-telegram-warehouse/data/raw/images/hakimapps_guideline/2778.jpg,umbrella,0.7258875966072083,other
2778,hakimapps_guideline,/Users/mac/medical-telegram-warehouse/data/raw/images/hakimapps_guideline/2778.jpg,clock,0.5206125378608704,other
2778,hakimapps_guideline,/Users/mac/medical-telegram-warehouse/data/raw/images/hakimapps_guideline/2778.jpg,clock,0.43332841992378235,other
2793,hakimapps_guideline,/Users/mac/medical-telegram-warehouse/data/raw/images/hakimapps_guideline/2793.jpg,tv,0.28960108757019043,other
2793,hakimapps_guideline,/Users/mac/medical-telegram-warehouse/data/raw/images/hakimapps_guideline/2793.jpg,laptop,0.2652812600135803,other
2792,hakimapps_guideline,/Users/mac/medical-telegram-warehouse/data/raw/images/hakimapps_guideline/2792.jpg,microwave,0.4392084777355194,other
2779,hakimapps_guideline,/Users/mac/medical-telegram-warehouse/data/raw/images/hakimapps_guideline/2779.jpg,person,0.814676821231842,lifestyle
2800,hakimapps_guideline,/Users/mac/medical-telegram-warehouse/data/raw/images/hakimapps_guideline/2800.jpg,person,0.841559112071991,lifestyle
2800,hakimapps_guideline,/Users/mac/medical-telegram-warehouse/data/raw/images/hakimapps_guideline/2800.jpg,person,0.7910825610160828,lifestyle
2800,hakimapps_guideline,/Users/mac/medical-telegram-warehouse/data/raw/images/hakimapps_guideline/2800.jpg,person,0.787269651889801,lifestyle
2800,hakimapps_guideline,/Users/mac/medical-telegram-warehouse/data/raw/images/hakimapps_guideline/2800.jpg,train,0.537708580493927,lifestyle
2753,hakimapps_guideline,/Users/mac/medical-telegram-warehouse/data/raw/images/hakimapps_guideline/2753.jpg,clock,0.3267205059528351,other
2790,hakimapps_guideline,/Users/mac/medical-telegram-warehouse/data/raw/images/hakimapps_guideline/2790.jpg,person,0.5224719643592834,lifestyle
2790,hakimapps_guideline,/Users/mac/medical-telegram-warehouse/data/raw/images/hakimapps_guideline/2790.jpg,microwave,0.2616012394428253,lifestyle
2791,hakimapps_guideline,/Users/mac/medical-telegram-warehouse/data/raw/images/hakimapps_guideline/2791.jpg,tv,0.31546661257743835,other
2742,hakimapps_guideline,/Users/mac/medical-telegram-warehouse/data/raw/images/hakimapps_guideline/2742.jpg,clock,0.4881705343723297,product_display
2742,hakimapps_guideline,/Users/mac/medical-telegram-warehouse/data/raw/images/hakimapps_guideline/2742.jpg,book,0.4228345453739166,product_display
2742,hakimapps_guideline,/Users/mac/medical-telegram-warehouse/data/raw/images/hakimapps_guideline/2742.jpg,clock,0.2669028341770172,product_display
2795,hakimapps_guideline,/Users/mac/medical-telegram-warehouse/data/raw/images/hakimapps_guideline/2795.jpg,none,0.0,other
2743,hakimapps_guideline,/Users/mac/medical-telegram-warehouse/data/raw/images/hakimapps_guideline/2743.jpg,clock,0.6174980401992798,other
2743,hakimapps_guideline,/Users/mac/medical-telegram-warehouse/data/raw/images/hakimapps_guideline/2743.jpg,clock,0.2673349678516388,other
2804,hakimapps_guideline,/Users/mac/medical-telegram-warehouse/data/raw/images/hakimapps_guideline/2804.jpg,clock,0.8069159388542175,other
2804,hakimapps_guideline,/Users/mac/medical-telegram-warehouse/data/raw/images/hakimapps_guideline/2804.jpg,clock,0.748056173324585,other
2804,hakimapps_guideline,/Users/mac/medical-telegram-warehouse/data/raw/images/hakimapps_guideline/2804.jpg,clock,0.6499911546707153,other
2804,hakimapps_guideline,/Users/mac/medical-telegram-warehouse/data/raw/images/hakimapps_guideline/2804.jpg,clock,0.305996835231781,other
2804,hakimapps_guideline,/Users/mac/medical-telegram-warehouse/data/raw/images/hakimapps_guideline/2804.jpg,clock,0.2877054810523987,other
2806,hakimapps_guideline,/Users/mac/medical-telegram-warehouse/data/raw/images/hakimapps_guideline/2806.jpg,remote,0.25060325860977173,other
2783,hakimapps_guideline,/Users/mac/medical-telegram-warehouse/data/raw/images/hakimapps_guideline/2783.jpg,cell phone,0.4129927158355713,promotional
2783,hakimapps_guideline,/Users/mac/medical-telegram-warehouse/data/raw/images/hakimapps_guideline/2783.jpg,person,0.3089005649089813,promotional
2754,hakimapps_guideline,/Users/mac/medical-telegram-warehouse/data/raw/images/hakimapps_guideline/2754.jpg,none,0.0,other
2768,hakimapps_guideline,/Users/mac/medical-telegram-warehouse/data/raw/images/hakimapps_guideline/2768.jpg,none,0.0,other
2807,hakimapps_guideline,/Users/mac/medical-telegram-warehouse/data/raw/images/hakimapps_guideline/2807.jpg,person,0.5480474829673767,lifestyle
2807,hakimapps_guideline,/Users/mac/medical-telegram-warehouse/data/raw/images/hakimapps_guideline/2807.jpg,microwave,0.25954002141952515,lifestyle
2733,hakimapps_guideline,/Users/mac/medical-telegram-warehouse/data/raw/images/hakimapps_guideline/2733.jpg,none,0.0,other
2727,hakimapps_guideline,/Users/mac/medical-telegram-warehouse/data/raw/images/hakimapps_guideline/2727.jpg,clock,0.2723044455051422,other
2726,hakimapps_guideline,/Users/mac/medical-telegram-warehouse/data/raw/images/hakimapps_guideline/2726.jpg,none,0.0,other
2732,hakimapps_guideline,/Users/mac/medical-telegram-warehouse/data/raw/images/hakimapps_guideline/2732.jpg,none,0.0,other
2730,hakimapps_guideline,/Users/mac/medical-telegram-warehouse/data/raw/images/hakimapps_guideline/2730.jpg,none,0.0,other
2731,hakimapps_guideline,/Users/mac/medical-telegram-warehouse/data/raw/images/hakimapps_guideline/2731.jpg,none,0.0,other
2725,hakimapps_guideline,/Users/mac/medical-telegram-warehouse/data/raw/images/hakimapps_guideline/2725.jpg,clock,0.6561729907989502,product_display
2725,hakimapps_guideline,/Users/mac/medical-telegram-warehouse/data/raw/images/hakimapps_guideline/2725.jpg,book,0.39572224020957947,product_display
2725,hakimapps_guideline,/Users/mac/medical-telegram-warehouse/data/raw/images/hakimapps_guideline/2725.jpg,clock,0.3159281313419342,product_display
2709,hakimapps_guideline,/Users/mac/medical-telegram-warehouse/data/raw/images/hakimapps_guideline/2709.jpg,none,0.0,other
2721,hakimapps_guideline,/Users/mac/medical-telegram-warehouse/data/raw/images/hakimapps_guideline/2721.jpg,clock,0.4481058716773987,other
2735,hakimapps_guideline,/Users/mac/medical-telegram-warehouse/data/raw/images/hakimapps_guideline/2735.jpg,none,0.0,other
2734,hakimapps_guideline,/Users/mac/medical-telegram-warehouse/data/raw/images/hakimapps_guideline/2734.jpg,none,0.0,other
2720,hakimapps_guideline,/Users/mac/medical-telegram-warehouse/data/raw/images/hakimapps_guideline/2720.jpg,none,0.0,other
2708,hakimapps_guideline,/Users/mac/medical-telegram-warehouse/data/raw/images/hakimapps_guideline/2708.jpg,none,0.0,other
2736,hakimapps_guideline,/Users/mac/medical-telegram-warehouse/data/raw/images/hakimapps_guideline/2736.jpg,person,0.5698291659355164,promotional
2736,hakimapps_guideline,/Users/mac/medical-telegram-warehouse/data/raw/images/hakimapps_guideline/2736.jpg,person,0.44064420461654663,promotional
2736,hakimapps_guideline,/Users/mac/medical-telegram-warehouse/data/raw/images/hakimapps_guideline/2736.jpg,person,0.435426265001297,promotional
2736,hakimapps_guideline,/Users/mac/medical-telegram-warehouse/data/raw/images/hakimapps_guideline/2736.jpg,book,0.3741466701030731,promotional
2736,hakimapps_guideline,/Users/mac/medical-telegram-warehouse/data/raw/images/hakimapps_guideline/2736.jpg,book,0.3056790232658386,promotional
2736,hakimapps_guideline,/Users/mac/medical-telegram-warehouse/data/raw/images/hakimapps_guideline/2736.jpg,donut,0.2651035487651825,promotional
2736,hakimapps_guideline,/Users/mac/medical-telegram-warehouse/data/raw/images/hakimapps_guideline/2736.jpg,apple,0.2523369789123535,promotional
2722,hakimapps_guideline,/Users/mac/medical-telegram-warehouse/data/raw/images/hakimapps_guideline/2722.jpg,none,0.0,other
2737,hakimapps_guideline,/Users/mac/medical-telegram-warehouse/data/raw/images/hakimapps_guideline/2737.jpg,book,0.3060466945171356,product_display
77,chemed,/Users/mac/medical-telegram-warehouse/data/raw/images/chemed/77.jpg,bottle,0.9558238387107849,product_display
77,chemed,/Users/mac/medical-telegram-warehouse/data/raw/images/chemed/77.jpg,bottle,0.9073092937469482,product_display
77,chemed,/Users/mac/medical-telegram-warehouse/data/raw/images/chemed/77.jpg,bottle,0.8960538506507874,product_display
77,chemed,/Users/mac/medical-telegram-warehouse/data/raw/images/chemed/77.jpg,bottle,0.8936652541160583,product_display
88,chemed,/Users/mac/medical-telegram-warehouse/data/raw/images/chemed/88.jpg,none,0.0,other
76,chemed,/Users/mac/medical-telegram-warehouse/data/raw/images/chemed/76.jpg,person,0.8694227337837219,lifestyle
76,chemed,/Users/mac/medical-telegram-warehouse/data/raw/images/chemed/76.jpg,chair,0.2723310589790344,lifestyle
76,chemed,/Users/mac/medical-telegram-warehouse/data/raw/images/chemed/76.jpg,chair,0.2517717182636261,lifestyle
74,chemed,/Users/mac/medical-telegram-warehouse/data/raw/images/chemed/74.jpg,none,0.0,other
60,chemed,/Users/mac/medical-telegram-warehouse/data/raw/images/chemed/60.jpg,none,0.0,other
48,chemed,/Users/mac/medical-telegram-warehouse/data/raw/images/chemed/48.jpg,none,0.0,other
49,chemed,/Users/mac/medical-telegram-warehouse/data/raw/images/chemed/49.jpg,kite,0.6801505088806152,other
49,chemed,/Users/mac/medical-telegram-warehouse/data/raw/images/chemed/49.jpg,kite,0.40330374240875244,other
49,chemed,/Users/mac/medical-telegram-warehouse/data/raw/images/chemed/49.jpg,kite,0.34492722153663635,other
49,chemed,/Users/mac/medical-telegram-warehouse/data/raw/images/chemed/49.jpg,frisbee,0.325219988822937,other
75,chemed,/Users/mac/medical-telegram-warehouse/data/raw/images/chemed/75.jpg,person,0.8353011012077332,lifestyle
59,chemed,/Users/mac/medical-telegram-warehouse/data/raw/images/chemed/59.jpg,bottle,0.28661343455314636,product_display
71,chemed,/Users/mac/medical-telegram-warehouse/data/raw/images/chemed/71.jpg,person,0.8835616111755371,lifestyle
71,chemed,/Users/mac/medical-telegram-warehouse/data/raw/images/chemed/71.jpg,person,0.8042728304862976,lifestyle
64,chemed,/Users/mac/medical-telegram-warehouse/data/raw/images/chemed/64.jpg,person,0.6864553689956665,lifestyle
64,chemed,/Users/mac/medical-telegram-warehouse/data/raw/images/chemed/64.jpg,person,0.4401922821998596,lifestyle
64,chemed,/Users/mac/medical-telegram-warehouse/data/raw/images/chemed/64.jpg,banana,0.2809356153011322,lifestyle
64,chemed,/Users/mac/medical-telegram-warehouse/data/raw/images/chemed/64.jpg,remote,0.2562015950679779,lifestyle
70,chemed,/Users/mac/medical-telegram-warehouse/data/raw/images/chemed/70.jpg,potted plant,0.924700140953064,promotional
70,chemed,/Users/mac/medical-telegram-warehouse/data/raw/images/chemed/70.jpg,person,0.8443222045898438,promotional
70,chemed,/Users/mac/medical-telegram-warehouse/data/raw/images/chemed/70.jpg,book,0.4226507544517517,promotional
58,chemed,/Users/mac/medical-telegram-warehouse/data/raw/images/chemed/58.jpg,bottle,0.41152435541152954,product_display
67,chemed,/Users/mac/medical-telegram-warehouse/data/raw/images/chemed/67.jpg,stop sign,0.5792281627655029,product_display
67,chemed,/Users/mac/medical-telegram-warehouse/data/raw/images/chemed/67.jpg,book,0.2841622531414032,product_display
9,chemed,/Users/mac/medical-telegram-warehouse/data/raw/images/chemed/9.jpg,bottle,0.3871822953224182,product_display
14,chemed,/Users/mac/medical-telegram-warehouse/data/raw/images/chemed/14.jpg,none,0.0,other
29,chemed,/Users/mac/medical-telegram-warehouse/data/raw/images/chemed/29.jpg,person,0.6185240745544434,lifestyle
29,chemed,/Users/mac/medical-telegram-warehouse/data/raw/images/chemed/29.jpg,surfboard,0.5944821238517761,lifestyle
29,chemed,/Users/mac/medical-telegram-warehouse/data/raw/images/chemed/29.jpg,person,0.5279684066772461,lifestyle
29,chemed,/Users/mac/medical-telegram-warehouse/data/raw/images/chemed/29.jpg,person,0.27819347381591797,lifestyle
15,chemed,/Users/mac/medical-telegram-warehouse/data/raw/images/chemed/15.jpg,none,0.0,other
17,chemed,/Users/mac/medical-telegram-warehouse/data/raw/images/chemed/17.jpg,bottle,0.5259658098220825,product_display
17,chemed,/Users/mac/medical-telegram-warehouse/data/raw/images/chemed/17.jpg,bottle,0.49454978108406067,product_display
17,chemed,/Users/mac/medical-telegram-warehouse/data/raw/images/chemed/17.jpg,bottle,0.43178796768188477,product_display
17,chemed,/Users/mac/medical-telegram-warehouse/data/raw/images/chemed/17.jpg,bottle,0.3873790502548218,product_display
17,chemed,/Users/mac/medical-telegram-warehouse/data/raw/images/chemed/17.jpg,bottle,0.3849720060825348,product_display
17,chemed,/Users/mac/medical-telegram-warehouse/data/raw/images/chemed/17.jpg,bottle,0.37992411851882935,product_display
17,chemed,/Users/mac/medical-telegram-warehouse/data/raw/images/chemed/17.jpg,bottle,0.3748759925365448,product_display
17,chemed,/Users/mac/medical-telegram-warehouse/data/raw/images/chemed/17.jpg,bottle,0.326419472694397,product_display
17,chemed,/Users/mac/medical-telegram-warehouse/data/raw/images/chemed/17.jpg,bottle,0.2848584055900574,product_display
17,chemed,/Users/mac/medical-telegram-warehouse/data/raw/images/chemed/17.jpg,bottle,0.2792879641056061,product_display
17,chemed,/Users/mac/medical-telegram-warehouse/data/raw/images/chemed/17.jpg,bottle,0.2718793451786041,product_display
13,chemed,/Users/mac/medical-telegram-warehouse/data/raw/images/chemed/13.jpg,hot dog,0.503858745098114,other
13,chemed,/Users/mac/medical-telegram-warehouse/data/raw/images/chemed/13.jpg,donut,0.398996502161026,other
13,chemed,/Users/mac/medical-telegram-warehouse/data/raw/images/chemed/13.jpg,hot dog,0.3097364902496338,other
13,chemed,/Users/mac/medical-telegram-warehouse/data/raw/images/chemed/13.jpg,donut,0.2969217598438263,other
13,chemed,/Users/mac/medical-telegram-warehouse/data/raw/images/chemed/13.jpg,hot dog,0.2636602818965912,other
13,chemed,/Users/mac/medical-telegram-warehouse/data/raw/images/chemed/13.jpg,hot dog,0.25024139881134033,other
39,chemed,/Users/mac/medical-telegram-warehouse/data/raw/images/chemed/39.jpg,mouse,0.9113693237304688,other
39,chemed,/Users/mac/medical-telegram-warehouse/data/raw/images/chemed/39.jpg,mouse,0.9018737077713013,other
39,chemed,/Users/mac/medical-telegram-warehouse/data/raw/images/chemed/39.jpg,mouse,0.8929601907730103,other
39,chemed,/Users/mac/medical-telegram-warehouse/data/raw/images/chemed/39.jpg,mouse,0.6237642765045166,other
39,chemed,/Users/mac/medical-telegram-warehouse/data/raw/images/chemed/39.jpg,mouse,0.5940190553665161,other
39,chemed,/Users/mac/medical-telegram-warehouse/data/raw/images/chemed/39.jpg,mouse,0.5546786189079285,other
39,chemed,/Users/mac/medical-telegram-warehouse/data/raw/images/chemed/39.jpg,mouse,0.5261464715003967,other
39,chemed,/Users/mac/medical-telegram-warehouse/data/raw/images/chemed/39.jpg,mouse,0.4144519567489624,other
11,chemed,/Users/mac/medical-telegram-warehouse/data/raw/images/chemed/11.jpg,clock,0.427293986082077,other
10,chemed,/Users/mac/medical-telegram-warehouse/data/raw/images/chemed/10.jpg,none,0.0,other
38,chemed,/Users/mac/medical-telegram-warehouse/data/raw/images/chemed/38.jpg,none,0.0,other
21,chemed,/Users/mac/medical-telegram-warehouse/data/raw/images/chemed/21.jpg,bird,0.25255799293518066,other
34,chemed,/Users/mac/medical-telegram-warehouse/data/raw/images/chemed/34.jpg,none,0.0,other
20,chemed,/Users/mac/medical-telegram-warehouse/data/raw/images/chemed/20.jpg,person,0.9401443600654602,lifestyle
20,chemed,/Users/mac/medical-telegram-warehouse/data/raw/images/chemed/20.jpg,person,0.9276632070541382,lifestyle
20,chemed,/Users/mac/medical-telegram-warehouse/data/raw/images/chemed/20.jpg,dining table,0.36163702607154846,lifestyle
20,chemed,/Users/mac/medical-telegram-warehouse/data/raw/images/chemed/20.jpg,dining table,0.3222496211528778,lifestyle
22,chemed,/Users/mac/medical-telegram-warehouse/data/raw/images/chemed/22.jpg,stop sign,0.27750658988952637,other
23,chemed,/Users/mac/medical-telegram-warehouse/data/raw/images/chemed/23.jpg,cell phone,0.6106964945793152,product_display
33,chemed,/Users/mac/medical-telegram-warehouse/data/raw/images/chemed/33.jpg,orange,0.6712233424186707,product_display
33,chemed,/Users/mac/medical-telegram-warehouse/data/raw/images/chemed/33.jpg,orange,0.5760782957077026,product_display
33,chemed,/Users/mac/medical-telegram-warehouse/data/raw/images/chemed/33.jpg,book,0.2715921401977539,product_display
27,chemed,/Users/mac/medical-telegram-warehouse/data/raw/images/chemed/27.jpg,none,0.0,other
26,chemed,/Users/mac/medical-telegram-warehouse/data/raw/images/chemed/26.jpg,person,0.8275558948516846,promotional
26,chemed,/Users/mac/medical-telegram-warehouse/data/raw/images/chemed/26.jpg,cup,0.42673754692077637,promotional
26,chemed,/Users/mac/medical-telegram-warehouse/data/raw/images/chemed/26.jpg,book,0.31771320104599,promotional
26,chemed,/Users/mac/medical-telegram-warehouse/data/raw/images/chemed/26.jpg,book,0.3130504786968231,promotional
32,chemed,/Users/mac/medical-telegram-warehouse/data/raw/images/chemed/32.jpg,person,0.5881929397583008,lifestyle
18,chemed,/Users/mac/medical-telegram-warehouse/data/raw/images/chemed/18.jpg,none,0.0,other
30,chemed,/Users/mac/medical-telegram-warehouse/data/raw/images/chemed/30.jpg,person,0.41390538215637207,lifestyle
31,chemed,/Users/mac/medical-telegram-warehouse/data/raw/images/chemed/31.jpg,bottle,0.5125076770782471,product_display
31,chemed,/Users/mac/medical-telegram-warehouse/data/raw/images/chemed/31.jpg,bottle,0.49731239676475525,product_display
31,chemed,/Users/mac/medical-telegram-warehouse/data/raw/images/chemed/31.jpg,bottle,0.4349673390388489,product_display
31,chemed,/Users/mac/medical-telegram-warehouse/data/raw/images/chemed/31.jpg,bottle,0.3880808651447296,product_display
31,chemed,/Users/mac/medical-telegram-warehouse/data/raw/images/chemed/31.jpg,bottle,0.3880269527435303,product_display
31,chemed,/Users/mac/medical-telegram-warehouse/data/raw/images/chemed/31.jpg,bottle,0.3831975758075714,product_display
31,chemed,/Users/mac/medical-telegram-warehouse/data/raw/images/chemed/31.jpg,bottle,0.3769318163394928,product_display
31,chemed,/Users/mac/medical-telegram-warehouse/data/raw/images/chemed/31.jpg,bottle,0.33275121450424194,product_display
31,chemed,/Users/mac/medical-telegram-warehouse/data/raw/images/chemed/31.jpg,bottle,0.27860027551651,product_display
31,chemed,/Users/mac/medical-telegram-warehouse/data/raw/images/chemed/31.jpg,bottle,0.2762434780597687,product_display
31,chemed,/Users/mac/medical-telegram-warehouse/data/raw/images/chemed/31.jpg,bottle,0.2743067145347595,product_display
25,chemed,/Users/mac/medical-telegram-warehouse/data/raw/images/chemed/25.jpg,cell phone,0.861309826374054,promotional
25,chemed,/Users/mac/medical-telegram-warehouse/data/raw/images/chemed/25.jpg,person,0.6283658146858215,promotional
19,chemed,/Users/mac/medical-telegram-warehouse/data/raw/images/chemed/19.jpg,person,0.9401443600654602,lifestyle
19,chemed,/Users/mac/medical-telegram-warehouse/data/raw/images/chemed/19.jpg,person,0.9276632070541382,lifestyle
19,chemed,/Users/mac/medical-telegram-warehouse/data/raw/images/chemed/19.jpg,dining table,0.36163702607154846,lifestyle
19,chemed,/Users/mac/medical-telegram-warehouse/data/raw/images/chemed/19.jpg,dining table,0.3222496211528778,lifestyle
4,chemed,/Users/mac/medical-telegram-warehouse/data/raw/images/chemed/4.jpg,none,0.0,other
56,chemed,/Users/mac/medical-telegram-warehouse/data/raw/images/chemed/56.jpg,person,0.8329590559005737,lifestyle
81,chemed,/Users/mac/medical-telegram-warehouse/data/raw/images/chemed/81.jpg,bottle,0.8817965984344482,product_display
81,chemed,/Users/mac/medical-telegram-warehouse/data/raw/images/chemed/81.jpg,bottle,0.8326677680015564,product_display
81,chemed,/Users/mac/medical-telegram-warehouse/data/raw/images/chemed/81.jpg,bottle,0.8216721415519714,product_display
81,chemed,/Users/mac/medical-telegram-warehouse/data/raw/images/chemed/81.jpg,bottle,0.8041248321533203,product_display
81,chemed,/Users/mac/medical-telegram-warehouse/data/raw/images/chemed/81.jpg,bottle,0.761748194694519,product_display
95,chemed,/Users/mac/medical-telegram-warehouse/data/raw/images/chemed/95.jpg,person,0.868440568447113,lifestyle
95,chemed,/Users/mac/medical-telegram-warehouse/data/raw/images/chemed/95.jpg,person,0.49181821942329407,lifestyle
94,chemed,/Users/mac/medical-telegram-warehouse/data/raw/images/chemed/94.jpg,cup,0.7408686876296997,promotional
94,chemed,/Users/mac/medical-telegram-warehouse/data/raw/images/chemed/94.jpg,person,0.475845068693161,promotional
94,chemed,/Users/mac/medical-telegram-warehouse/data/raw/images/chemed/94.jpg,cup,0.38559821248054504,promotional
80,chemed,/Users/mac/medical-telegram-warehouse/data/raw/images/chemed/80.jpg,person,0.927941620349884,promotional
80,chemed,/Users/mac/medical-telegram-warehouse/data/raw/images/chemed/80.jpg,bottle,0.7433302998542786,promotional
80,chemed,/Users/mac/medical-telegram-warehouse/data/raw/images/chemed/80.jpg,chair,0.5636436343193054,promotional
57,chemed,/Users/mac/medical-telegram-warehouse/data/raw/images/chemed/57.jpg,person,0.8896958827972412,lifestyle
57,chemed,/Users/mac/medical-telegram-warehouse/data/raw/images/chemed/57.jpg,potted plant,0.8720235228538513,lifestyle
57,chemed,/Users/mac/medical-telegram-warehouse/data/raw/images/chemed/57.jpg,potted plant,0.7365866303443909,lifestyle
57,chemed,/Users/mac/medical-telegram-warehouse/data/raw/images/chemed/57.jpg,potted plant,0.5936965346336365,lifestyle
57,chemed,/Users/mac/medical-telegram-warehouse/data/raw/images/chemed/57.jpg,potted plant,0.49151891469955444,lifestyle
57,chemed,/Users/mac/medical-telegram-warehouse/data/raw/images/chemed/57.jpg,potted plant,0.266560822725296,lifestyle
43,chemed,/Users/mac/medical-telegram-warehouse/data/raw/images/chemed/43.jpg,person,0.8564752340316772,lifestyle
43,chemed,/Users/mac/medical-telegram-warehouse/data/raw/images/chemed/43.jpg,chair,0.29364123940467834,lifestyle
55,chemed,/Users/mac/medical-telegram-warehouse/data/raw/images/chemed/55.jpg,stop sign,0.30712953209877014,other
41,chemed,/Users/mac/medical-telegram-warehouse/data/raw/images/chemed/41.jpg,person,0.4210353493690491,lifestyle
96,chemed,/Users/mac/medical-telegram-warehouse/data/raw/images/chemed/96.jpg,cup,0.3260020613670349,product_display
82,chemed,/Users/mac/medical-telegram-warehouse/data/raw/images/chemed/82.jpg,bottle,0.8991730213165283,product_display
82,chemed,/Users/mac/medical-telegram-warehouse/data/raw/images/chemed/82.jpg,bottle,0.8424997925758362,product_display
82,chemed,/Users/mac/medical-telegram-warehouse/data/raw/images/chemed/82.jpg,bottle,0.7403754591941833,product_display
82,chemed,/Users/mac/medical-telegram-warehouse/data/raw/images/chemed/82.jpg,apple,0.47845402359962463,product_display
97,chemed,/Users/mac/medical-telegram-warehouse/data/raw/images/chemed/97.jpg,none,0.0,other
40,chemed,/Users/mac/medical-telegram-warehouse/data/raw/images/chemed/40.jpg,person,0.7191442847251892,lifestyle
40,chemed,/Users/mac/medical-telegram-warehouse/data/raw/images/chemed/40.jpg,person,0.6743714809417725,lifestyle
40,chemed,/Users/mac/medical-telegram-warehouse/data/raw/images/chemed/40.jpg,person,0.6338379383087158,lifestyle
40,chemed,/Users/mac/medical-telegram-warehouse/data/raw/images/chemed/40.jpg,person,0.5978047847747803,lifestyle
40,chemed,/Users/mac/medical-telegram-warehouse/data/raw/images/chemed/40.jpg,person,0.5868244767189026,lifestyle
40,chemed,/Users/mac/medical-telegram-warehouse/data/raw/images/chemed/40.jpg,person,0.512586236000061,lifestyle
40,chemed,/Users/mac/medical-telegram-warehouse/data/raw/images/chemed/40.jpg,person,0.4520769417285919,lifestyle
40,chemed,/Users/mac/medical-telegram-warehouse/data/raw/images/chemed/40.jpg,person,0.4369910955429077,lifestyle
40,chemed,/Users/mac/medical-telegram-warehouse/data/raw/images/chemed/40.jpg,person,0.3316473364830017,lifestyle
40,chemed,/Users/mac/medical-telegram-warehouse/data/raw/images/chemed/40.jpg,person,0.33126938343048096,lifestyle
78,chemed,/Users/mac/medical-telegram-warehouse/data/raw/images/chemed/78.jpg,person,0.7698590159416199,lifestyle
78,chemed,/Users/mac/medical-telegram-warehouse/data/raw/images/chemed/78.jpg,person,0.35558652877807617,lifestyle
2,chemed,/Users/mac/medical-telegram-warehouse/data/raw/images/chemed/2.jpg,bottle,0.3871822953224182,product_display
50,chemed,/Users/mac/medical-telegram-warehouse/data/raw/images/chemed/50.jpg,cake,0.2916109561920166,other
44,chemed,/Users/mac/medical-telegram-warehouse/data/raw/images/chemed/44.jpg,cell phone,0.9386719465255737,promotional
44,chemed,/Users/mac/medical-telegram-warehouse/data/raw/images/chemed/44.jpg,person,0.8479926586151123,promotional
93,chemed,/Users/mac/medical-telegram-warehouse/data/raw/images/chemed/93.jpg,person,0.9076733589172363,lifestyle
87,chemed,/Users/mac/medical-telegram-warehouse/data/raw/images/chemed/87.jpg,parking meter,0.2785598039627075,other
86,chemed,/Users/mac/medical-telegram-warehouse/data/raw/images/chemed/86.jpg,person,0.9013165235519409,lifestyle
86,chemed,/Users/mac/medical-telegram-warehouse/data/raw/images/chemed/86.jpg,refrigerator,0.35704416036605835,lifestyle
92,chemed,/Users/mac/medical-telegram-warehouse/data/raw/images/chemed/92.jpg,none,0.0,other
45,chemed,/Users/mac/medical-telegram-warehouse/data/raw/images/chemed/45.jpg,scissors,0.6319930553436279,product_display
3,chemed,/Users/mac/medical-telegram-warehouse/data/raw/images/chemed/3.jpg,none,0.0,other
79,chemed,/Users/mac/medical-telegram-warehouse/data/raw/images/chemed/79.jpg,none,0.0,other
53,chemed,/Users/mac/medical-telegram-warehouse/data/raw/images/chemed/53.jpg,person,0.5737699270248413,lifestyle
90,chemed,/Users/mac/medical-telegram-warehouse/data/raw/images/chemed/90.jpg,book,0.3078000545501709,product_display
91,chemed,/Users/mac/medical-telegram-warehouse/data/raw/images/chemed/91.jpg,none,0.0,other
85,chemed,/Users/mac/medical-telegram-warehouse/data/raw/images/chemed/85.jpg,none,0.0,other
52,chemed,/Users/mac/medical-telegram-warehouse/data/raw/images/chemed/52.jpg,person,0.7039293646812439,lifestyle
52,chemed,/Users/mac/medical-telegram-warehouse/data/raw/images/chemed/52.jpg,person,0.6460776925086975,lifestyle
52,chemed,/Users/mac/medical-telegram-warehouse/data/raw/images/chemed/52.jpg,horse,0.6252762079238892,lifestyle
52,chemed,/Users/mac/medical-telegram-warehouse/data/raw/images/chemed/52.jpg,person,0.5130645036697388,lifestyle
52,chemed,/Users/mac/medical-telegram-warehouse/data/raw/images/chemed/52.jpg,person,0.43098193407058716,lifestyle
52,chemed,/Users/mac/medical-telegram-warehouse/data/raw/images/chemed/52.jpg,person,0.3347780108451843,lifestyle
46,chemed,/Users/mac/medical-telegram-warehouse/data/raw/images/chemed/46.jpg,person,0.8272134065628052,lifestyle
46,chemed,/Users/mac/medical-telegram-warehouse/data/raw/images/chemed/46.jpg,person,0.47488176822662354,lifestyle
46,chemed,/Users/mac/medical-telegram-warehouse/data/raw/images/chemed/46.jpg,tv,0.38863620162010193,lifestyle
